{
    "k": [
        0.0,
        1.0,
        2.0,
        3.0,
        4.0,
        5.0,
        6.0,
        7.0,
        8.0,
        9.0,
        10.0,
        11.0,
        12.0,
        13.0,
        14.0,
        15.0,
        16.0,
        17.0,
        18.0,
        19.0,
        20.0,
        21.0,
        22.0,
        23.0,
        24.0,
        25.0,
        26.0,
        27.0,
        28.0,
        29.0,
        30.0,
        31.0,
        32.0,
        33.0,
        34.0,
        35.0,
        36.0,
        37.0,
        38.0,
        39.0,
        40.0,
        41.0,
        42.0,
        43.0,
        44.0,
        45.0,
        46.0,
        47.0,
        48.0,
        49.0,
        50.0,
        51.0,
        52.0,
        53.0,
        54.0,
        55.0,
        56.0,
        57.0,
        58.0,
        59.0,
        60.0,
        61.0,
        62.0,
        63.0
    ],
    "A_branch": [
        -1.0,
        -0.6180340051651001,
        -0.3819659948348999,
        -0.2360679656267166,
        -0.1458980292081833,
        -0.09016993641853333,
        -0.055728085339069366,
        -0.03444185107946396,
        -0.021286234259605408,
        -0.013155615888535976,
        -0.008130618371069431,
        -0.005024997983127832,
        -0.003105619689449668,
        -0.0019193785265088081,
        -0.0011862411629408598,
        -0.0007331373053602874,
        -0.000453103770269081,
        -0.00028003353509120643,
        -0.00017307023517787457,
        -0.00010696329263737425,
        -6.610694981645793e-05,
        -4.085633918293752e-05,
        -2.5250606995541602e-05,
        -1.5605732187395915e-05,
        -9.644872989156283e-06,
        -5.960859652986983e-06,
        -3.6840137909166515e-06,
        -2.276845634696656e-06,
        -1.4071680425331579e-06,
        -8.696776490069169e-07,
        -5.374903366828221e-07,
        -3.321872839023854e-07,
        -2.0530303856958199e-07,
        -1.2688425954365812e-07,
        -7.841877902592387e-08,
        -4.846546985959321e-08,
        -2.9953309166330655e-08,
        -1.8512162469619398e-08,
        -1.1441144920354418e-08,
        -7.07101666108656e-09,
        -4.370128703357068e-09,
        -2.700887957729492e-09,
        -1.669240523582971e-09,
        -1.031647434146521e-09,
        -6.375931449476013e-10,
        -3.9405423368776837e-10,
        -2.4353891125983296e-10,
        -1.5051532242793542e-10,
        -9.302358189300364e-11,
        -5.7491733596037875e-11,
        -3.553184482751881e-11,
        -2.1959888768519065e-11,
        -1.3571956926361484e-11,
        -8.387930974795843e-12,
        -5.18402638524651e-12,
        -3.203904372708899e-12,
        -1.980121795697176e-12,
        -1.2237825770117228e-12,
        -7.563392186854534e-13,
        -4.674433041161608e-13,
        -2.88895860359184e-13,
        -1.785474573095039e-13,
        -1.1034839627341655e-13,
        -6.819906103608733e-14
    ],
    "B_branch": [
        1.0,
        0.6180340051651001,
        0.3819659948348999,
        0.2360679656267166,
        0.1458980292081833,
        0.09016993641853333,
        0.055728085339069366,
        0.03444185107946396,
        0.021286234259605408,
        0.013155615888535976,
        0.008130618371069431,
        0.005024997983127832,
        0.003105619689449668,
        0.0019193785265088081,
        0.0011862411629408598,
        0.0007331373053602874,
        0.000453103770269081,
        0.00028003353509120643,
        0.00017307023517787457,
        0.00010696329263737425,
        6.610694981645793e-05,
        4.085633918293752e-05,
        2.5250606995541602e-05,
        1.5605732187395915e-05,
        9.644872989156283e-06,
        5.960859652986983e-06,
        3.6840137909166515e-06,
        2.276845634696656e-06,
        1.4071680425331579e-06,
        8.696776490069169e-07,
        5.374903366828221e-07,
        3.321872839023854e-07,
        2.0530303856958199e-07,
        1.2688425954365812e-07,
        7.841877902592387e-08,
        4.846546985959321e-08,
        2.9953309166330655e-08,
        1.8512162469619398e-08,
        1.1441144920354418e-08,
        7.07101666108656e-09,
        4.370128703357068e-09,
        2.700887957729492e-09,
        1.669240523582971e-09,
        1.031647434146521e-09,
        6.375931449476013e-10,
        3.9405423368776837e-10,
        2.4353891125983296e-10,
        1.5051532242793542e-10,
        9.302358189300364e-11,
        5.7491733596037875e-11,
        3.553184482751881e-11,
        2.1959888768519065e-11,
        1.3571956926361484e-11,
        8.387930974795843e-12,
        5.18402638524651e-12,
        3.203904372708899e-12,
        1.980121795697176e-12,
        1.2237825770117228e-12,
        7.563392186854534e-13,
        4.674433041161608e-13,
        2.88895860359184e-13,
        1.785474573095039e-13,
        1.1034839627341655e-13,
        6.819906103608733e-14
    ],
    "distance": [
        2.0,
        1.2360680103302002,
        0.7639319896697998,
        0.4721359312534332,
        0.2917960584163666,
        0.18033987283706665,
        0.11145617067813873,
        0.06888370215892792,
        0.042572468519210815,
        0.026311231777071953,
        0.016261236742138863,
        0.010049995966255665,
        0.006211239378899336,
        0.0038387570530176163,
        0.0023724823258817196,
        0.0014662746107205749,
        0.000906207540538162,
        0.0005600670701824129,
        0.00034614047035574913,
        0.0002139265852747485,
        0.00013221389963291585,
        8.171267836587504e-05,
        5.0501213991083205e-05,
        3.121146437479183e-05,
        1.9289745978312567e-05,
        1.1921719305973966e-05,
        7.368027581833303e-06,
        4.553691269393312e-06,
        2.8143360850663157e-06,
        1.7393552980138338e-06,
        1.0749806733656442e-06,
        6.643745678047708e-07,
        4.1060607713916397e-07,
        2.5376851908731624e-07,
        1.5683755805184774e-07,
        9.693093971918643e-08,
        5.990661833266131e-08,
        3.7024324939238795e-08,
        2.2882289840708836e-08,
        1.414203332217312e-08,
        8.740257406714136e-09,
        5.401775915458984e-09,
        3.338481047165942e-09,
        2.063294868293042e-09,
        1.2751862898952027e-09,
        7.881084673755367e-10,
        4.870778225196659e-10,
        3.0103064485587083e-10,
        1.8604716378600727e-10,
        1.1498346719207575e-10,
        7.106368965503762e-11,
        4.391977753703813e-11,
        2.7143913852722967e-11,
        1.6775861949591686e-11,
        1.036805277049302e-11,
        6.407808745417798e-12,
        3.960243591394352e-12,
        2.4475651540234455e-12,
        1.5126784373709068e-12,
        9.348866082323215e-13,
        5.77791720718368e-13,
        3.570949146190078e-13,
        2.206967925468331e-13,
        1.3639812207217467e-13
    ],